Net,Purpose
5V_IN,
5V_PROT,
GND,
3V3,
I2C_SDA,
I2C_SCL,
LED_RAW,
LED_5V,
DF1_RX,
DF1_TX,
DF1_BUSY,
DF2_RX,
DF2_TX,
DF2_BUSY,
PIR_LEFT,
PIR_CENTER,
PIR_RIGHT,
ID0,
ID1,
ID2,
ID3,
PCA_OE,
D1_PAN,
D1_LIFT,
D1_LED_IN,
D1_LED_OUT,
D2_PAN,
D2_LIFT,
D2_LED_IN,
D2_LED_OUT,
D3_PAN,
D3_LIFT,
D3_LED_IN,
D3_LED_OUT,
D4_PAN,
D4_LIFT,
D4_LED_IN,
D4_LED_OUT,
D5_PAN,
D5_LIFT,
D5_LED_IN,
D5_LED_OUT,
D6_PAN,
D6_LIFT,
D6_LED_IN,
D6_LED_OUT,
D7_PAN,
D7_LIFT,
D7_LED_IN,
D7_LED_OUT,
D8_PAN,
D8_LIFT,
D8_LED_IN,
D8_LED_OUT,
SPK1A,
SPK1B,
SPK2A,
SPK2B,
DAC1_L,
DAC1_R,
DAC2_L,
DAC2_R,
RUN_LED,
NET_LED,
PERF_LED,
DF1_DAC_GND,
DF2_DAC_GND,
